Date,Close,Predictions
2017-09-13,139.56979370117188,140.33232
2017-09-14,139.1395721435547,140.68347
2017-09-15,138.4512481689453,140.36813
2017-09-18,138.193115234375,139.73189
2017-09-19,138.04014587402344,139.41032
2017-09-20,139.46463012695312,139.23857
2017-09-21,138.87188720703125,140.40744
2017-09-22,138.7476043701172,140.12486
2017-09-25,139.45506286621094,139.9532
2017-09-26,140.11471557617188,140.51422
2017-09-27,139.25430297851562,141.17163
2017-09-28,139.25430297851562,140.56502
2017-09-29,138.69981384277344,140.44727
2017-10-02,140.2103271484375,139.97095
2017-10-03,140.32504272460938,141.15456
2017-10-04,140.03823852539062,141.47144
2017-10-05,140.26768493652344,141.27405
2017-10-06,140.03823852539062,141.42346
2017-10-09,140.90821838378906,141.2621
2017-10-10,141.9694061279297,141.96222
2017-10-11,141.12811279296875,142.97981
2017-10-12,140.56405639648438,142.45119
2017-10-13,140.6309814453125,141.87082
2017-10-16,140.3728485107422,141.82944
2017-10-17,140.09559631347656,141.61824
2017-10-18,152.51434326171875,141.35188
2017-10-19,153.8240966796875,151.71031
2017-10-20,154.94264221191406,154.64095
2017-10-23,152.53346252441406,155.96631
2017-10-24,149.0248565673828,154.13388
2017-10-25,146.74952697753906,150.88046
2017-10-26,146.84512329101562,148.44995
2017-10-27,146.92160034179688,148.16226
2017-10-30,147.5717010498047,148.21786
2017-10-31,147.28489685058594,148.77316
2017-11-01,147.25621032714844,148.61821
2017-11-02,146.6061248779297,148.5493
2017-11-03,144.91395568847656,147.98918
2017-11-06,144.2064971923828,146.47565
2017-11-07,144.69407653808594,145.62416
2017-11-08,144.90440368652344,145.90343
2017-11-09,143.69024658203125,146.14433
2017-11-10,142.6003875732422,145.1676
2017-11-13,141.87380981445312,144.07455
2017-11-14,142.34225463867188,143.28128
2017-11-15,140.6309814453125,143.54669
2017-11-16,142.5621337890625,142.17305
2017-11-17,142.41873168945312,143.53668
2017-11-20,143.89100646972656,143.67325
2017-11-21,145.26768493652344,144.91145
2017-11-22,145.09559631347656,146.27652
2017-11-24,145.1625213623047,146.35927
2017-11-27,145.29637145996094,146.41191
2017-11-28,145.7648162841797,146.53345
2017-11-29,146.7973175048828,146.95169
2017-11-30,147.1988525390625,147.89252
2017-12-01,147.95411682128906,148.39197
2017-12-04,149.579345703125,149.10072
2017-12-05,148.51815795898438,150.57959
2017-12-06,147.32313537597656,149.94568
2017-12-07,146.81643676757812,148.81746
2017-12-08,148.0019073486328,148.20227
2017-12-11,148.57553100585938,149.10556
2017-12-12,149.84703063964844,149.75806
2017-12-13,147.14149475097656,150.92673
2017-12-14,147.2275390625,148.85701
2017-12-15,145.7935028076172,148.54695
2017-12-18,146.58700561523438,147.31795
2017-12-19,146.49139404296875,147.77577
2017-12-20,146.2237091064453,147.79295
2017-12-21,144.8374786376953,147.56635
2017-12-22,145.7935028076172,146.36124
2017-12-26,146.10899353027344,146.94754
2017-12-27,146.3957977294922,147.33104
2017-12-28,147.26577758789062,147.63405
2017-12-29,146.67303466796875,148.40834
2018-01-02,147.46653747558594,148.04482
2018-01-03,151.52008056640625,148.63551
2018-01-04,154.5889129638672,152.13971
2018-01-05,155.3441619873047,155.32419
2018-01-08,156.28106689453125,156.47409
2018-01-09,156.625244140625,157.42017
2018-01-10,156.95985412597656,157.86545
2018-01-11,156.97897338867188,158.22626
2018-01-12,155.965576171875,158.31284
2018-01-16,156.6443634033203,157.48535
2018-01-17,161.2332763671875,157.9146
2018-01-18,161.68260192871094,161.84692
2018-01-19,155.2294464111328,162.90244
2018-01-22,155.44932556152344,157.64099
2018-01-23,158.93881225585938,156.89326
2018-01-24,158.09751892089844,159.75298
2018-01-25,158.193115234375,159.57286
2018-01-26,159.9808807373047,159.58931
2018-01-29,159.46463012695312,161.08176
2018-01-30,156.42446899414062,160.91042
2018-01-31,156.50096130371094,158.32446
2018-02-01,155.2581329345703,157.94327
2018-02-02,152.0363311767578,156.87213
2018-02-05,145.82217407226562,154.00148
2018-02-06,148.50860595703125,148.30925
2018-02-07,147.08413696289062,149.57962
2018-02-08,141.09942626953125,148.67882
2018-02-09,142.93499755859375,143.49576
2018-02-12,144.7418670654297,144.0942
2018-02-13,144.12045288085938,145.76697
2018-02-14,147.95411682128906,145.53764
2018-02-15,149.14913940429688,148.66989
2018-02-16,149.31166076660156,150.21585
2018-02-20,148.33651733398438,150.5857
2018-02-21,147.18930053710938,149.81255
2018-02-22,146.44358825683594,148.71597
2018-02-23,148.68069458007812,147.91496
2018-02-26,151.6061248779297,149.66533
2018-02-27,149.66539001464844,152.43568
2018-02-28,148.97705078125,151.27359
2018-03-01,147.04588317871094,150.44861
2018-03-02,147.69598388671875,148.69324
2018-03-05,150.0478057861328,148.94203
2018-03-06,148.87188720703125,150.97974
2018-03-07,151.35755920410156,150.3531
2018-03-08,149.34034729003906,152.29216
2018-03-09,152.30401611328125,150.94511
2018-03-12,153.2122344970703,153.16814
2018-03-13,152.31358337402344,154.33508
2018-03-14,151.16635131835938,153.76913
2018-03-15,152.5908203125,152.69502
2018-03-16,153.2122344970703,153.70865
2018-03-19,150.43020629882812,154.4275
2018-03-20,149.33078002929688,152.21889
2018-03-21,149.7992401123047,150.8993
2018-03-22,145.4015350341797,151.08377
2018-03-23,142.34225463867188,147.45787
2018-03-26,146.625244140625,144.25142
2018-03-27,145.2294464111328,147.30211
2018-03-28,145.8126220703125,146.71773
2018-03-29,146.68260192871094,147.05939
2018-04-02,143.47036743164062,147.83643
2018-04-03,143.26004028320312,145.27963
2018-04-04,147.34225463867188,144.6374
2018-04-05,147.25621032714844,147.97278
2018-04-06,143.94837951660156,148.50888
2018-04-09,145.9751434326172,145.79353
2018-04-10,148.55641174316406,146.98819
2018-04-11,148.52772521972656,149.39699
2018-04-12,151.11854553222656,149.79393
2018-04-13,149.818359375,151.99934
2018-04-16,150.9464569091797,151.28975
2018-04-17,153.83364868164062,152.08574
2018-04-18,142.2466583251953,154.65364
2018-04-19,141.20458984375,145.41524
2018-04-20,138.52772521972656,142.86903
2018-04-23,139.4455108642578,140.28531
2018-04-24,139.15870666503906,140.64069
2018-04-25,139.52198791503906,140.48734
2018-04-26,140.26768493652344,140.74086
2018-04-27,140.03823852539062,141.39027
2018-04-30,138.5850830078125,141.29936
2018-05-01,138.62332153320312,140.0535
2018-05-02,136.1854705810547,139.86086
2018-05-03,135.74569702148438,137.80652
2018-05-04,137.58126831054688,137.07391
2018-05-07,136.92160034179688,138.50288
2018-05-08,136.71128845214844,138.21935
2018-05-09,136.3384246826172,137.96645
2018-05-10,137.89674377441406,137.60106
2018-05-11,137.8011474609375,138.83841
2018-05-14,137.95411682128906,138.98515
2018-05-15,137.41873168945312,139.12126
2018-05-16,138.26959228515625,138.6907
2018-05-17,138.1453094482422,139.32195
2018-05-18,137.74378967285156,139.33765
2018-05-21,139.09178161621094,138.99672
2018-05-22,138.70936584472656,140.0597
2018-05-23,138.30784606933594,139.935
2018-05-24,137.73422241210938,139.56236
2018-05-25,137.32313537597656,139.01346
2018-05-29,135.0095672607422,138.576
2018-05-30,136.34799194335938,136.57048
2018-05-31,135.09559631347656,137.332
2018-06-01,135.70745849609375,136.448
2018-06-04,136.74952697753906,136.78947
2018-06-05,137.3804931640625,137.72737
2018-06-06,138.34608459472656,138.41833
2018-06-07,138.96749877929688,139.3349
2018-06-08,139.71319580078125,140.00845
2018-06-11,140.13385009765625,140.74268
2018-06-12,140.4110870361328,141.22049
2018-06-13,139.91395568847656,141.53276
2018-06-14,138.8145294189453,141.17061
2018-06-15,138.9961700439453,140.18547
2018-06-18,138.12619018554688,140.16756
2018-06-19,137.5717010498047,139.45253
2018-06-20,136.35755920410156,138.86171
2018-06-21,135.03823852539062,137.74606
2018-06-22,135.06692504882812,136.44675
2018-06-25,132.68641662597656,136.2475
2018-06-26,132.9636688232422,134.23663
2018-06-27,131.4340362548828,134.10257
2018-06-28,133.88145446777344,132.82112
2018-06-29,133.55641174316406,134.63528
2018-07-02,133.70936584472656,134.70569
2018-07-03,133.43212890625,134.81879
2018-07-05,135.2103271484375,134.59814
2018-07-06,136.21414184570312,136.0439
2018-07-09,138.04014587402344,137.15147
2018-07-10,138.34608459472656,138.8626
2018-07-11,138.5659637451172,139.41093
2018-07-12,140.0095672607422,139.67163
2018-07-13,139.48374938964844,140.92046
2018-07-16,139.06309509277344,140.70764
2018-07-17,137.1797332763672,140.30605
2018-07-18,138.1644287109375,138.66245
2018-07-19,142.67686462402344,139.19804
2018-07-20,139.91395568847656,143.09576
2018-07-23,139.29254150390625,141.47917
2018-07-24,139.94264221191406,140.61292
2018-07-25,140.17208862304688,141.01251
2018-07-26,140.2581329345703,141.29782
2018-07-27,138.7667236328125,141.42256
2018-07-30,139.09178161621094,140.19395
2018-07-31,138.55641174316406,140.24287
2018-08-01,137.18930053710938,139.82117
2018-08-02,136.67303466796875,138.60484
2018-08-03,141.20458984375,137.95769
2018-08-06,139.6080322265625,141.64885
2018-08-07,140.54493713378906,140.98683
2018-08-08,140.43020629882812,141.60147
2018-08-09,138.4034423828125,141.6152
2018-08-10,138.12619018554688,139.92137
2018-08-13,136.4340362548828,139.38843
2018-08-14,137.05545043945312,137.90375
2018-08-15,137.58126831054688,138.1674
2018-08-16,138.94837951660156,138.67319
2018-08-17,139.63670349121094,139.9029
2018-08-20,140.06692504882812,140.6868
2018-08-21,139.55067443847656,141.1665
2018-08-22,138.85276794433594,140.80783
2018-08-23,138.97705078125,140.15517
2018-08-24,139.61758422851562,140.15044
2018-08-27,140.23899841308594,140.69943
2018-08-28,140.14340209960938,141.32153
2018-08-29,141.05162048339844,141.34534
2018-08-30,139.51242065429688,142.09877
2018-08-31,140.03823852539062,140.94508
2018-09-04,139.27342224121094,141.16908
2018-09-05,140.2103271484375,140.58505
2018-09-06,139.9521942138672,141.26526
2018-09-07,139.0535430908203,141.17859
2018-09-10,139.24473571777344,140.40256
2018-09-11,140.0478057861328,140.42102
2018-09-12,140.12428283691406,141.1067
2018-09-13,142.3996124267578,141.29584
2018-09-14,141.806884765625,143.22406
2018-09-17,141.4340362548828,143.06953
2018-09-18,142.02676391601562,142.70602
2018-09-19,142.50477600097656,143.1376
2018-09-20,144.50286865234375,143.62569
2018-09-21,144.69407653808594,145.38515
2018-09-24,143.43212890625,145.8545
2018-09-25,142.3613739013672,144.86093
2018-09-26,144.94264221191406,143.78087
2018-09-27,144.8374786376953,145.76482
2018-09-28,144.5602264404297,146.05177
2018-10-01,146.27151489257812,145.84937
2018-10-02,146.988525390625,147.23659
2018-10-03,146.48184204101562,148.08757
2018-10-04,144.6558380126953,147.80162
2018-10-05,142.47610473632812,146.21326
2018-10-08,141.86424255371094,144.11366
2018-10-09,140.7648162841797,143.25217
2018-10-10,136.4149169921875,142.21065
2018-10-11,132.90631103515625,138.39851
2018-10-12,134.6558380126953,134.78354
2018-10-15,134.92352294921875,135.63367
2018-10-16,138.73805236816406,136.06041
2018-10-17,128.15487670898438,139.31262
2018-10-18,124.80879211425781,131.03148
2018-10-19,123.42256164550781,126.66425
2018-10-22,124.3021011352539,124.80475
2018-10-23,125.43977355957031,125.280464
2018-10-24,121.61567687988281,126.34575
2018-10-25,120.88909912109375,123.320915
2018-10-26,119.3021011352539,122.11214
2018-10-29,114.37858581542969,120.58901
2018-10-30,110.3250503540039,116.21075
2018-10-31,110.35372924804688,112.01916
2018-11-01,111.6921615600586,111.30947
2018-11-02,110.58317565917969,112.35802
2018-11-05,114.78011322021484,111.63261
2018-11-06,117.7055435180664,114.96154
2018-11-07,119.34990692138672,118.023384
2018-11-08,117.95410919189453,119.90942
2018-11-09,118.1070785522461,119.03416
2018-11-12,115.58317565917969,118.9633
2018-11-13,115.52581024169922,116.86026
2018-11-14,114.91395568847656,116.42883
2018-11-15,116.09942626953125,115.872246
2018-11-16,116.22370910644531,116.76577
2018-11-19,115.01911926269531,117.0375
2018-11-20,112.04589080810547,116.05767
2018-11-21,113.35564422607422,113.37318
2018-11-23,112.03633117675781,113.967606
2018-11-26,114.3021011352539,113.02103
2018-11-27,114.75143432617188,114.72782
2018-11-28,117.5908203125,115.43173
2018-11-29,116.13766479492188,117.90576
2018-11-30,118.80496978759766,117.13725
2018-12-03,119.79923248291016,119.18124
2018-12-04,116.25238800048828,120.40626
2018-12-06,118.46080017089844,117.65156
2018-12-07,114.09178161621094,118.960785
2018-12-10,115.80306243896484,115.604416
2018-12-11,115.57361602783203,116.39272
2018-12-12,115.83174133300781,116.39845
2018-12-13,115.42064666748047,116.60816
2018-12-14,114.62715148925781,116.2947
2018-12-17,110.9942626953125,115.563446
2018-12-18,111.52007293701172,112.39365
2018-12-19,111.30975341796875,112.24335
2018-12-20,108.04971313476562,112.092186
2018-12-21,106.06118774414062,109.35002
2018-12-24,102.83938598632812,107.162315
2018-12-26,106.49139404296875,104.09235
2018-12-27,108.77629089355469,106.58969
2018-12-28,108.05927276611328,109.02708
2018-12-31,108.67112731933594,108.848045
2019-01-02,110.14340209960938,109.26396
2019-01-03,107.94454956054688,110.56447
2019-01-04,112.16061401367188,108.974495
2019-01-07,112.95410919189453,112.17558
2019-01-08,114.56022644042969,113.474335
2019-01-09,115.38240814208984,115.01738
2019-01-10,116.43403625488281,115.96657
2019-01-11,116.11854553222656,116.9993
2019-01-14,115.0956039428711,116.91734
2019-01-15,116.37667083740234,116.03567
2019-01-16,116.2715072631836,116.94433
2019-01-17,116.81644439697266,117.04687
2019-01-18,118.37476348876953,117.51143
2019-01-22,117.13192749023438,118.89599
2019-01-23,127.04589080810547,118.1098
2019-01-24,126.70172119140625,126.2315
2019-01-25,128.07839965820312,127.46193
2019-01-28,128.36520385742188,128.72604
2019-01-29,128.4225616455078,129.16936
2019-01-30,128.47036743164062,129.29803
2019-01-31,128.50860595703125,129.375
2019-02-01,128.2026824951172,129.43623
2019-02-04,129.24473571777344,129.20221
2019-02-05,129.5889129638672,130.036
2019-02-06,130.32504272460938,130.48401
2019-02-07,127.33269500732422,131.17287
2019-02-08,127.82982635498047,128.79219
2019-02-11,128.09751892089844,128.76263
2019-02-12,130.06692504882812,129.01958
2019-02-13,131.47227478027344,130.72572
2019-02-14,130.47801208496094,132.21219
2019-02-15,131.95985412597656,131.6287
2019-02-19,132.6003875732422,132.73882
2019-02-20,131.93116760253906,133.4898
2019-02-21,131.7781982421875,133.06319
2019-02-22,133.12619018554688,132.8523
2019-02-25,133.32696533203125,133.95258
2019-02-26,133.57553100585938,134.33176
2019-02-27,133.04971313476562,134.59785
2019-02-28,132.05545043945312,134.20111
2019-03-01,133.07839965820312,133.29619
2019-03-04,132.34225463867188,133.9952
2019-03-05,131.81643676757812,133.52406
2019-03-06,130.95602416992188,132.99219
2019-03-07,129.4072723388672,132.17998
2019-03-08,129.14913940429688,130.74516
2019-03-11,131.65391540527344,130.2786
2019-03-12,132.1988525390625,132.30893
2019-03-13,132.46653747558594,133.14355
2019-03-14,132.68641662597656,133.48795
2019-03-15,133.29827880859375,133.71529
2019-03-18,134.04397583007812,134.26434
2019-03-19,134.31166076660156,134.98999
2019-03-20,133.46080017089844,135.34363
2019-03-21,135.21987915039062,134.68965
2019-03-22,133.31739807128906,136.03899
2019-03-25,133.0592803955078,134.70528
2019-03-26,134.0535430908203,134.23198
2019-03-27,133.11663818359375,134.99329
2019-03-28,133.7667236328125,134.35922
2019-03-29,134.89483642578125,134.77686
2019-04-01,136.9980926513672,135.80132
2019-04-02,136.71128845214844,137.74217
2019-04-03,137.31358337402344,137.8389
2019-04-04,136.50096130371094,138.33307
2019-04-05,136.97897338867188,137.74174
2019-04-08,137.08413696289062,138.03517
2019-04-09,135.8604278564453,138.19005
2019-04-10,136.73040771484375,137.19688
2019-04-11,137.4569854736328,137.74367
2019-04-12,138.0019073486328,138.4645
2019-04-15,137.5717010498047,139.04597
2019-04-16,138.75717163085938,138.77942
2019-04-17,132.9923553466797,139.71393
2019-04-18,134.15870666503906,135.0681
2019-04-22,132.7820281982422,135.19006
2019-04-23,134.26385498046875,134.12502
2019-04-24,133.79541015625,135.18024
2019-04-25,132.53346252441406,134.98799
2019-04-26,133.30784606933594,133.87747
2019-04-29,132.93499755859375,134.31659
2019-04-30,134.10133361816406,134.09877
2019-05-01,134.3785858154297,135.03099
2019-05-02,133.4512481689453,135.43365
2019-05-03,134.08221435546875,134.71861
2019-05-06,134.2064971923828,135.10858
2019-05-07,131.58700561523438,135.29425
2019-05-08,131.93116760253906,133.13618
2019-05-09,129.3881378173828,133.02632
2019-05-10,129.3690185546875,130.90915
2019-05-13,125.64053344726562,130.50981
2019-05-14,127.44741821289062,127.34485
2019-05-15,128.48948669433594,128.27533
2019-05-16,129.90440368652344,129.35626
2019-05-17,128.41299438476562,130.72328
2019-05-20,129.17782592773438,129.69879
2019-05-21,130.44932556152344,130.12148
2019-05-22,130.35372924804688,131.2739
2019-05-23,126.56787872314453,131.40555
2019-05-24,126.46271514892578,128.25043
2019-05-28,124.7227554321289,127.57749
2019-05-29,123.98661804199219,126.04597
2019-05-30,123.87189483642578,125.16428
2019-05-31,121.40535736083984,124.92197
2019-06-03,122.62906646728516,122.82243
2019-06-04,126.85468292236328,123.4494
2019-06-05,125.70745849609375,127.122246
2019-06-06,126.40535736083984,126.83032
2019-06-07,127.44741821289062,127.29666
2019-06-10,128.8145294189453,128.24655
2019-06-11,129.9713134765625,129.56427
2019-06-12,128.93881225585938,130.76584
2019-06-13,129.7896728515625,130.10725
2019-06-14,129.2064971923828,130.6818
2019-06-17,129.01528930664062,130.3115
2019-06-18,130.38241577148438,130.08168
2019-06-19,131.05162048339844,131.18828
2019-06-20,132.74378967285156,131.9553
2019-06-21,133.07839965820312,133.49472
2019-06-24,133.2218017578125,134.04126
2019-06-25,132.27532958984375,134.2391
2019-06-26,132.4282989501953,133.47702
2019-06-27,132.4282989501953,133.46852
2019-06-28,131.8355712890625,133.48395
2019-07-01,133.72848510742188,132.99774
2019-07-02,134.0535430908203,134.49348
2019-07-03,135.31549072265625,135.04514
2019-07-05,135.1625213623047,136.18175
2019-07-08,134.3881378173828,136.25009
2019-07-09,133.2026824951172,135.60197
2019-07-10,134.29254150390625,134.4952
2019-07-11,135.0286865234375,135.22052
2019-07-12,136.46270751953125,135.99028
2019-07-15,137.0172119140625,137.32407
2019-07-16,137.2179718017578,138.01657
2019-07-17,136.7781982421875,138.29048
2019-07-18,143.04971313476562,137.9633
2019-07-19,143.09751892089844,143.1542
2019-07-22,143.15487670898438,144.13702
2019-07-23,143.7667236328125,144.30019
2019-07-24,143.43212890625,144.82379
2019-07-25,143.7762908935547,144.64676
2019-07-26,144.70362854003906,144.91026
2019-07-29,144.24473571777344,145.74469
2019-07-30,143.18356323242188,145.51315
2019-07-31,141.72084045410156,144.57642
2019-08-01,143.70936584472656,143.18903
2019-08-02,140.77438354492188,144.62009
2019-08-05,134.56979370117188,142.44276
2019-08-06,134.54110717773438,136.84906
2019-08-07,132.9923553466797,135.83412
2019-08-08,133.93881225585938,134.4334
2019-08-09,130.14340209960938,134.99155
2019-08-12,127.79158782958984,131.92705
2019-08-13,129.818359375,129.38116
2019-08-14,125.47801208496094,130.63878
2019-08-15,126.11854553222656,127.27826
2019-08-16,127.87763214111328,127.173676
2019-08-19,129.10133361816406,128.6608
2019-08-20,127.15105438232422,129.9603
2019-08-21,128.34608459472656,128.53859
2019-08-22,128.41299438476562,129.24629
2019-08-23,123.87189483642578,129.44812
2019-08-26,124.27342224121094,125.68516
2019-08-27,125.40152740478516,125.318184
2019-08-28,126.9216079711914,126.245705
2019-08-29,128.94837951660156,127.69853
2019-08-30,129.56979370117188,129.63768
2019-09-03,128.2026824951172,130.47884
2019-09-04,130.32504272460938,129.45271
2019-09-05,134.7705535888672,131.02182
2019-09-06,134.3881378173828,135.04642
2019-09-09,136.32887268066406,135.44574
2019-09-10,138.67112731933594,137.08426
2019-09-11,137.28489685058594,139.33055
2019-09-12,137.30401611328125,138.56432
2019-09-13,137.35182189941406,138.4181
2019-09-16,136.21414184570312,138.44676
2019-09-17,135.9464569091797,137.51378
2019-09-18,135.965576171875,137.12582
2019-09-19,136.68260192871094,137.08533
2019-09-20,135.64053344726562,137.68471
2019-09-23,135.82217407226562,136.92122
2019-09-24,135.44932556152344,136.92477
2019-09-25,136.86424255371094,136.62242
2019-09-26,137.23709106445312,137.75488
2019-09-27,136.9407196044922,138.27802
2019-09-30,139.0248565673828,138.11218
2019-10-01,137.34225463867188,139.81863
2019-10-02,135.45889282226562,138.725
2019-10-03,135.77438354492188,136.93546
2019-10-04,136.70172119140625,136.89037
2019-10-07,135.06692504882812,137.68994
2019-10-08,132.29444885253906,136.47392
2019-10-09,133.52772521972656,133.92128
2019-10-10,134.92352294921875,134.49844
2019-10-11,136.48184204101562,135.80772
2019-10-14,135.7935028076172,137.34415
2019-10-15,136.71128845214844,137.0213
2019-10-16,135.8604278564453,137.70276
2019-10-17,128.3556365966797,137.1173
2019-10-18,128.193115234375,130.73656
2019-10-21,126.74951934814453,129.44162
2019-10-22,128.06883239746094,128.09035
2019-10-23,128.47036743164062,128.97525
2019-10-24,128.1739959716797,129.48141
2019-10-25,129.48374938964844,129.29893
2019-10-28,129.9904327392578,130.33675
2019-10-29,127.93498992919922,130.94563
2019-10-30,129.30210876464844,129.32373
2019-10-31,127.84894561767578,130.15852
2019-11-01,129.56979370117188,129.12198
2019-11-04,131.6156768798828,130.36462
2019-11-05,131.8260040283203,132.3157
2019-11-06,132.67686462402344,132.83125
2019-11-07,131.63479614257812,133.60355
2019-11-08,131.55831909179688,132.86119
2019-11-11,129.51242065429688,132.65324
2019-11-12,129.6271514892578,130.91809
2019-11-13,128.5659637451172,130.7037
2019-11-14,128.10707092285156,129.80232
2019-11-15,128.48948669433594,129.25719
2019-11-18,128.4034423828125,129.48393
2019-11-19,128.6042022705078,129.4573
2019-11-20,127.34225463867188,129.61243
2019-11-21,127.95410919189453,128.58128
2019-11-22,128.43212890625,128.89854
2019-11-25,129.9904327392578,129.37085
2019-11-26,129.14913940429688,130.759
2019-11-27,127.88719177246094,130.30199
2019-11-29,128.53729248046875,129.14175
2019-12-02,127.06501007080078,129.47624
2019-12-03,126.30975341796875,128.3282
2019-12-04,126.18547058105469,127.48483
2019-12-05,126.1089859008789,127.23926
2019-12-06,127.36137390136719,127.142166
2019-12-09,128.0305938720703,128.1725
2019-12-10,128.02102661132812,128.91867
2019-12-11,127.87763214111328,129.02892
2019-12-12,129.3690185546875,128.91371
2019-12-13,128.30784606933594,130.13724
2019-12-16,128.23135375976562,129.47969
2019-12-17,128.31739807128906,129.28041
2019-12-18,128.49903869628906,129.32414
2019-12-19,128.64244079589844,129.49084
2019-12-20,129.6271514892578,129.64188
2019-12-23,129.5889129638672,130.48956
2019-12-24,129.04397583007812,130.60965
2019-12-26,128.97705078125,130.16321
2019-12-27,129.32122802734375,130.02199
2019-12-30,126.96940612792969,130.29198
2019-12-31,128.1453094482422,128.38083
2020-01-02,129.46463012695312,129.00865
2020-01-03,128.43212890625,130.25407
2020-01-06,128.2026824951172,129.61433
2020-01-07,128.28871154785156,129.28227
2020-01-08,129.35946655273438,129.29762
2020-01-09,130.72657775878906,130.20363
2020-01-10,130.67877197265625,131.51527
2020-01-13,130.5927276611328,131.703
2020-01-14,129.84703063964844,131.6451
2020-01-15,130.6118621826172,131.00787
2020-01-16,131.91204833984375,131.53566
2020-01-17,132.2275390625,132.73332
2020-01-21,133.04971313476562,133.21255
2020-01-22,137.5621337890625,133.96976
2020-01-23,136.58700561523438,137.87456
2020-01-24,134.3785858154297,137.75871
2020-01-27,132.52389526367188,135.84125
2020-01-28,133.41299438476562,133.94145
2020-01-29,131.63479614257812,134.37613
2020-01-30,130.75526428222656,133.00787
2020-01-31,137.4091796875,132.02132
2020-02-03,139.8374786376953,137.4216
2020-02-04,142.55258178710938,140.44507
2020-02-05,149.45506286621094,143.18616
2020-02-06,149.86614990234375,149.40361
2020-02-07,146.66348266601562,150.82126
2020-02-10,147.6386260986328,148.3311
2020-02-11,146.73040771484375,148.69942
2020-02-12,148.47991943359375,148.06155
2020-02-13,147.52389526367188,149.43552
2020-02-14,144.07266235351562,148.89502
2020-02-18,144.45506286621094,145.89806
2020-02-19,144.22561645507812,145.68674
2020-02-20,144.56979370117188,145.49667
2020-02-21,143.25047302246094,145.75992
2020-02-24,139.9904327392578,144.70168
2020-02-25,135.47801208496094,141.7791
2020-02-26,133.6042022705078,137.49275
2020-02-27,127.25621032714844,135.19102
2020-02-28,124.42638397216797,129.52904
2020-03-02,128.3938751220703,126.15787
2020-03-03,123.23136138916016,128.92448
2020-03-04,128.31739807128906,125.16166
2020-03-05,123.85277557373047,128.6639
2020-03-06,122.11280822753906,125.60333
2020-03-09,112.62906646728516,123.5298
2020-03-10,119.2829818725586,115.25471
2020-03-11,112.78202819824219,119.29453
2020-03-12,98.2887191772461,114.75115
2020-03-13,103.20267486572266,101.75216
2020-03-16,94.7227554321289,103.385
2020-03-17,101.95984649658203,96.83708
2020-03-18,98.99617767333984,101.59348
2020-03-19,95.9273452758789,100.10991
2020-03-20,91.19503021240234,97.16051
2020-03-23,90.602294921875,92.620056
2020-03-24,100.84130096435547,91.27522
2020-03-25,101.19503021240234,99.64611
2020-03-26,107.92543029785156,101.593994
2020-03-27,103.27915954589844,107.42612
2020-03-30,107.96366882324219,104.59141
2020-03-31,106.05162811279297,107.85139
2020-04-01,100.51625061035156,106.924675
2020-04-02,105.16252136230469,102.098015
2020-04-03,101.66348266601562,105.0566
2020-04-06,109.77055358886719,102.79393
2020-04-07,109.8852767944336,109.08586
2020-04-08,114.04397583007812,110.39996
2020-04-09,116.15679168701172,114.01135
2020-04-13,115.82218170166016,116.41345
2020-04-14,118.46080017089844,116.52996
2020-04-15,113.4703598022461,118.7212
2020-04-16,110.64053344726562,114.97595
2020-04-17,114.83747863769531,111.88817
2020-04-20,115.1147232055664,114.87449
2020-04-21,111.62523651123047,115.73976
2020-04-22,114.06309509277344,112.94755
2020-04-23,116.01338195800781,114.423706
2020-04-24,119.23518371582031,116.372505
2020-04-27,120.38240814208984,119.41887
2020-04-28,120.7170181274414,120.91534
2020-04-29,123.03059387207031,121.426315
2020-04-30,120.03823852539062,123.43478
2020-05-01,116.51051330566406,121.31361
2020-05-04,116.32887268066406,117.95599
2020-05-05,117.18929290771484,117.214096
2020-05-06,117.75334930419922,117.86182
2020-05-07,115.8986587524414,118.47747
2020-05-08,117.58126068115234,117.02835
2020-05-11,117.1988525390625,118.14153
2020-05-12,114.97132110595703,118.04839
2020-05-13,110.64053344726562,116.157036
2020-05-14,111.806884765625,112.18389
2020-05-15,111.83556365966797,112.43672
2020-05-18,116.21414947509766,112.58019
2020-05-19,115.0,116.27033
2020-05-20,116.04206848144531,115.939095
2020-05-21,113.88145446777344,116.67928
2020-05-22,113.18355560302734,115.00725
2020-05-26,116.40535736083984,114.10365
2020-05-27,120.01911926269531,116.65701
2020-05-28,119.05353546142578,120.18296
2020-05-29,119.40726470947266,119.99833
2020-06-01,119.397705078125,120.194786
2020-06-02,120.45889282226562,120.21971
2020-06-03,123.37476348876953,121.11772
2020-06-04,123.22179412841797,123.730354
2020-06-05,126.25238800048828,124.07984
2020-06-08,129.78012084960938,126.63885
2020-06-09,126.07074737548828,130.05423
2020-06-10,124.15869903564453,127.551796
2020-06-11,112.82026672363281,125.444855
2020-06-12,116.54875946044922,115.63012
2020-06-15,116.3001937866211,116.94594
2020-06-16,119.64627075195312,117.14979
2020-06-17,118.69024658203125,119.98227
2020-06-18,118.6998062133789,119.68299
2020-06-19,117.0841293334961,119.570244
2020-06-22,115.74569702148438,118.18871
2020-06-23,114.15869903564453,116.81779
2020-06-24,111.3001937866211,115.26357
2020-06-25,113.79541015625,112.61382
2020-06-26,112.03633117675781,114.22506
2020-06-29,114.48374938964844,113.10324
2020-06-30,115.45889282226562,114.90841
2020-07-01,113.32695770263672,116.06755
2020-07-02,114.43594360351562,114.47322
2020-07-06,114.9043960571289,115.07152
2020-07-07,112.4091796875,115.59964
2020-07-08,112.53346252441406,113.61377
2020-07-09,110.62141418457031,113.33178
2020-07-10,113.14531707763672,111.71115
2020-07-13,113.95793151855469,113.519905
2020-07-14,115.2963638305664,114.5636
2020-07-15,117.5908203125,115.84726
2020-07-16,118.55640411376953,117.97781
2020-07-17,119.6080322265625,119.159706
2020-07-20,120.8126220703125,120.22603
2020-07-21,120.51625061035156,121.414665
2020-07-22,123.011474609375,121.378876
2020-07-23,121.73040008544922,123.44605
2020-07-24,120.25812530517578,122.76656
2020-07-27,120.65965270996094,121.38551
2020-07-28,118.99617767333984,121.47289
2020-07-29,119.80879211425781,120.12731
2020-07-30,117.4952163696289,120.5589
2020-07-31,117.53346252441406,118.725426
2020-08-03,118.84320831298828,118.40711
2020-08-04,120.30592346191406,119.46555
2020-08-05,119.93307495117188,120.893616
2020-08-06,120.57361602783203,120.8303
2020-08-07,119.46463012695312,121.32704
2020-08-10,121.52007293701172,120.49294
2020-08-11,121.17591094970703,122.053505
2020-08-12,121.12810516357422,122.075066
2020-08-13,119.53154754638672,122.02235
2020-08-14,119.76099395751953,120.676895
2020-08-17,118.96749877929688,120.62101
2020-08-18,119.42638397216797,119.97124
2020-08-19,118.39388275146484,120.238266
2020-08-20,117.73422241210938,119.43352
2020-08-21,117.74378967285156,118.72589
2020-08-24,120.15296173095703,118.609726
2020-08-25,119.15869903564453,120.61245
2020-08-26,118.70936584472656,120.15769
2020-08-27,119.16825866699219,119.663795
2020-08-28,119.56979370117188,119.95537
2020-08-31,117.88719177246094,120.35712
2020-09-01,117.97322845458984,119.02624
2020-09-02,122.54302215576172,118.84238
2020-09-03,118.97705841064453,122.648056
2020-09-04,116.9216079711914,120.384964
2020-09-08,115.8795394897461,118.185036
2020-09-09,116.88336181640625,116.92504
2020-09-10,115.25812530517578,117.57081
2020-09-11,116.11854553222656,116.36093
2020-09-14,116.72084045410156,116.83922
2020-09-15,117.05545043945312,117.44174
2020-09-16,118.75717163085938,117.824524
2020-09-17,119.42638397216797,119.30348
2020-09-18,117.36137390136719,120.13085
2020-09-21,114.96176147460938,118.53804
2020-09-22,115.2103271484375,116.221375
2020-09-23,113.60420989990234,116.02009
2020-09-24,112.8967514038086,114.685974
2020-09-25,113.71892547607422,113.85126
2020-09-28,116.37667083740234,114.39486
2020-09-29,115.62141418457031,116.72711
2020-09-30,116.3193130493164,116.52072
2020-10-01,115.76481628417969,117.01949
2020-10-02,115.26768493652344,116.645035
2020-10-05,116.64435577392578,116.15562
2020-10-06,116.60611724853516,117.222946
2020-10-07,118.61376953125,117.40432
2020-10-08,125.70745849609375,119.1016
2020-10-09,122.17017364501953,125.34546
2020-10-12,121.61567687988281,123.523056
2020-10-13,119.59847259521484,122.62445
2020-10-14,120.40152740478516,120.79076
2020-10-15,119.397705078125,121.152405
2020-10-16,120.3919677734375,120.42234
2020-10-19,120.0,121.117584
2020-10-20,112.20841217041016,120.9257
2020-10-21,110.0,114.37086
2020-10-22,110.6692123413086,111.28539
2020-10-23,110.8986587524414,111.36112
2020-10-26,107.28489685058594,111.632126
2020-10-27,105.6978988647461,108.659874
2020-10-28,101.95984649658203,106.74436
2020-10-29,104.1204605102539,103.29268
2020-10-30,106.74951934814453,104.46518
2020-11-02,107.94454956054688,106.943855
2020-11-03,109.13957977294922,108.39644
2020-11-04,106.97896575927734,109.61434
2020-11-05,109.7227554321289,108.00479
2020-11-06,109.02485656738281,109.965965
2020-11-09,110.44933319091797,109.78821
2020-11-10,112.72466278076172,110.92242
2020-11-11,112.04589080810547,113.038185
2020-11-12,109.46463012695312,112.855095
2020-11-13,111.7112808227539,110.627365
2020-11-16,113.15487670898438,112.07699
2020-11-17,112.5239028930664,113.59841
2020-11-18,111.63479614257812,113.34301
2020-11-19,112.02677154541016,112.51944
2020-11-20,111.79732513427734,112.68776
2020-11-23,114.80879211425781,112.5434
2020-11-24,118.94837188720703,115.03283
2020-11-25,118.73805236816406,118.96453
2020-11-27,118.88145446777344,119.48696
2020-11-30,118.08795166015625,119.637535
2020-12-01,117.74378967285156,118.99192
2020-12-02,119.13957977294922,118.593864
2020-12-03,118.17399597167969,119.708725
2020-12-04,121.60611724853516,119.12765
2020-12-07,119.216064453125,121.874084
2020-12-08,120.181640625,120.39678
2020-12-09,121.21414947509766,120.88787
2020-12-10,119.46463012695312,121.86073
2020-12-11,118.80496978759766,120.58288
2020-12-14,118.0975112915039,119.7811
2020-12-15,120.3919677734375,119.060646
2020-12-16,120.02867889404297,120.86286
2020-12-17,120.02867889404297,120.91096
2020-12-18,120.31549072265625,120.89289
2020-12-21,117.96366882324219,121.122574
2020-12-22,118.17399597167969,119.20357
2020-12-23,118.45124053955078,119.02027
2020-12-24,119.20649719238281,119.25035
2020-12-28,119.3307876586914,119.934586
2020-12-29,118.35564422607422,120.161804
2020-12-30,118.87189483642578,119.37575
2020-12-31,120.34416961669922,119.65351
2021-01-04,118.48948669433594,120.94898
2021-01-05,120.59273529052734,119.6415
2021-01-06,123.60420989990234,121.134224
2021-01-07,123.31739807128906,123.948425
2021-01-08,122.87763214111328,124.2151
2021-01-11,122.92543029785156,123.85216
2021-01-12,123.52772521972656,123.81715
2021-01-13,121.33843231201172,124.32697
2021-01-14,123.29827880859375,122.60154
2021-01-15,122.74378967285156,123.914406
2021-01-19,123.34607696533203,123.72126
2021-01-20,124.35946655273438,124.17339
2021-01-21,125.86042022705078,125.10193
2021-01-22,113.39388275146484,126.5222
2021-01-25,113.36520385742188,116.36524
2021-01-26,117.1032485961914,114.40845
2021-01-27,117.0841293334961,117.3216
2021-01-28,114.79923248291016,117.91258
2021-01-29,113.87189483642578,116.05797
2021-02-01,115.23900604248047,114.89615
2021-02-02,114.1873779296875,115.83728
2021-02-03,113.88145446777344,115.158905
2021-02-04,115.6978988647461,114.76233
2021-02-05,116.43403625488281,116.21068
2021-02-08,118.17399597167969,117.10578
2021-02-09,116.73040008544922,118.70502
2021-02-10,116.86424255371094,117.780075
2021-02-11,115.59273529052734,117.69178
2021-02-12,115.4875717163086,116.62691
2021-02-16,114.7896728515625,116.346634
2021-02-17,114.69407653808594,115.729065
2021-02-18,115.42064666748047,115.53773
2021-02-19,113.75717163085938,116.11413
2021-02-22,115.54492950439453,114.8322
2021-02-23,115.40152740478516,116.06922
2021-02-24,117.79158782958984,116.19754
2021-02-25,117.0841293334961,118.20046
2021-02-26,113.6998062133789,117.97854
2021-03-01,115.43020629882812,115.07907
2021-03-02,115.03823852539062,115.977486
2021-03-03,116.97896575927734,115.87132
2021-03-04,114.82791900634766,117.46916
2021-03-05,117.42829895019531,115.969124
2021-03-08,119.32122039794922,117.83021
2021-03-09,118.71892547607422,119.78017
2021-03-10,122.24665069580078,119.618546
2021-03-11,121.54875946044922,122.50256
2021-03-12,121.99808502197266,122.45881
2021-03-15,122.92543029785156,122.78972
2021-03-16,122.60037994384766,123.62713
2021-03-17,123.35564422607422,123.51562
2021-03-18,124.34034729003906,124.12006
2021-03-19,123.23136138916016,125.06009
2021-03-22,124.80879211425781,124.30297
2021-03-23,124.7227554321289,125.46801
2021-03-24,124.87571716308594,125.62418
2021-03-25,127.21797180175781,125.76934
2021-03-26,130.38241577148438,127.7521
2021-03-29,129.88528442382812,130.76596
2021-03-30,128.79541015625,130.87915
2021-03-31,127.39962005615234,129.94604
2021-04-01,127.37093353271484,128.60796
2021-04-05,129.9521942138672,128.3635
2021-04-06,128.31739807128906,130.50931
2021-04-07,128.9961700439453,129.54819
2021-04-08,129.17782592773438,129.9079
2021-04-09,129.76100158691406,130.13345
2021-04-12,128.67112731933594,130.66257
2021-04-13,125.41108703613281,129.8477
2021-04-14,126.79732513427734,126.968445
2021-04-15,126.74951934814453,127.60922
2021-04-16,127.71510314941406,127.73491
2021-04-19,127.26577758789062,128.56343
2021-04-20,132.08413696289062,128.33243
2021-04-21,137.23709106445312,132.30415
2021-04-22,135.06692504882812,137.34439
2021-04-23,136.16635131835938,136.39194
2021-04-26,135.3441619873047,137.06564
2021-04-27,135.7648162841797,136.51553
2021-04-28,136.71128845214844,136.78053
2021-04-29,137.89674377441406,137.64124
2021-04-30,135.64053344726562,138.79478
2021-05-03,138.3843231201172,137.10728
2021-05-04,139.34034729003906,139.08005
2021-05-05,138.83364868164062,140.25902
2021-05-06,141.89292907714844,140.02885
2021-05-07,139.06309509277344,142.52914
2021-05-10,139.7418670654297,140.61676
2021-05-11,137.87762451171875,140.81532
2021-05-12,135.08604431152344,139.31886
2021-05-13,137.829833984375,136.72432
2021-05-14,138.31739807128906,138.57278
2021-05-17,138.72848510742188,139.35439
2021-05-18,137.58126831054688,139.81752
2021-05-19,136.89292907714844,138.92113
2021-05-20,137.55258178710938,138.1745
2021-05-21,138.374755859375,138.60583
2021-05-24,138.3556365966797,139.38855
2021-05-25,137.46653747558594,139.51227
2021-05-26,137.07456970214844,138.7797
2021-05-27,137.49522399902344,138.31673
2021-05-28,137.41873168945312,138.59668
2021-06-01,137.8489532470703,138.59334
2021-06-02,139.31166076660156,138.94992
2021-06-03,139.14913940429688,140.23619
2021-06-04,140.93690490722656,140.32664
2021-06-07,141.51051330566406,141.82103
2021-06-08,142.51434326171875,142.56729
2021-06-09,144.04397583007812,143.52539
2021-06-10,143.91969299316406,144.96883
2021-06-11,144.6271514892578,145.115
2021-06-14,143.43212890625,145.71922
2021-06-15,142.7915802001953,144.8292
2021-06-16,141.32887268066406,144.13333
2021-06-17,139.1969451904297,142.80054
2021-06-18,136.8260040283203,140.79237
2021-06-21,140.2007598876953,138.4664
2021-06-22,139.92352294921875,140.89606
2021-06-23,138.25047302246094,141.13083
2021-06-24,139.04397583007812,139.73793
2021-06-25,140.38241577148438,140.13315
2021-06-28,138.90057373046875,141.34053
2021-06-29,139.14913940429688,140.31833
2021-06-30,140.14340209960938,140.32643
2021-07-01,140.38241577148438,141.1721
2021-07-02,133.86233520507812,141.52945
2021-07-06,132.67686462402344,136.13286
2021-07-07,133.67112731933594,134.15535
2021-07-08,134.55067443847656,134.69919
2021-07-09,135.29637145996094,135.57178
2021-07-12,134.72274780273438,136.3395
2021-07-13,134.11090087890625,135.97057
2021-07-14,133.67112731933594,135.36942
2021-07-15,134.27342224121094,134.89264
2021-07-16,132.7915802001953,135.31993
2021-07-19,131.8546905517578,134.1675
2021-07-20,133.8145294189453,133.16806
2021-07-21,135.08604431152344,134.63713
2021-07-22,134.52198791503906,135.98236
2021-07-23,135.12428283691406,135.73277
2021-07-26,136.49139404296875,136.16423
2021-07-27,136.47227478027344,137.38535
2021-07-28,135.53536987304688,137.58798
2021-07-29,135.68833923339844,136.82603
2021-07-30,134.76100158691406,136.81229
2021-08-02,135.2007598876953,136.04709
2021-08-03,137.73422241210938,136.27968
2021-08-04,136.48184204101562,138.4512
2021-08-05,136.49139404296875,137.7931
2021-08-06,137.7533416748047,137.64919
2021-08-09,135.03823852539062,138.6817
2021-08-10,135.1625213623047,136.60466
2021-08-11,135.87954711914062,136.32098
2021-08-12,136.7781982421875,136.89667
2021-08-13,136.88336181640625,137.7629
2021-08-16,137.27532958984375,137.99847
2021-08-17,136.1567840576172,138.353
2021-08-18,133.33651733398438,137.47595
2021-08-19,131.95028686523438,134.95586
2021-08-20,132.9923553466797,133.3521
2021-08-23,133.47991943359375,133.9697
2021-08-24,133.69024658203125,134.51692
2021-08-25,133.70936584472656,134.78073
2021-08-26,132.67686462402344,134.8268
2021-08-27,133.27915954589844,133.96158
2021-08-30,132.85850524902344,134.30536
2021-08-31,134.1682586669922,134.0295
2021-09-01,133.1739959716797,135.07317
2021-09-02,133.85276794433594,134.4343
2021-09-03,133.44168090820312,134.87097
2021-09-07,131.988525390625,134.61255
2021-09-08,132.5717010498047,133.3465
2021-09-09,131.68260192871094,133.60545
2021-09-10,130.9942626953125,132.92711
2021-09-13,132.07456970214844,132.22534
2021-09-14,130.2294464111328,133.00554
2021-09-15,131.16635131835938,131.61319
2021-09-16,130.43020629882812,132.12851
2021-09-17,129.28298950195312,131.62138
2021-09-20,128.4034423828125,130.56326
2021-09-21,127.12236785888672,129.63686
2021-09-22,128.70936584472656,128.4097
2021-09-23,130.71701049804688,129.52388
2021-09-24,131.44358825683594,131.42361
2021-09-27,132.46653747558594,132.36072
2021-09-28,131.42446899414062,133.35228
2021-09-29,133.0592803955078,132.64308
2021-09-30,132.8202667236328,133.8686
2021-10-01,137.0172119140625,133.90674
2021-10-04,137.7724609375,137.41556
2021-10-05,136.8546905517578,138.68387
2021-10-06,136.09942626953125,138.1008
2021-10-07,135.5736083984375,137.34225
2021-10-08,136.92160034179688,136.77832
2021-10-11,136.16635131835938,137.82436
2021-10-12,134.29254150390625,137.39641
2021-10-13,134.56979370117188,135.73906
2021-10-14,137.08413696289062,135.67102
2021-10-15,138.25047302246094,137.78542
2021-10-18,136.06118774414062,139.14854
2021-10-19,135.73614501953125,137.53305
2021-10-20,135.65965270996094,136.94446
2021-10-21,122.6864242553711,136.79697
2021-10-22,122.25621032714844,125.95353
2021-10-25,122.02677154541016,123.59608
2021-10-26,121.53919982910156,123.12221
2021-10-27,119.66539001464844,122.68085
2021-10-28,120.30592346191406,121.020836
2021-10-29,119.59847259521484,121.22576
2021-11-01,120.72657775878906,120.67899
2021-11-02,120.63097381591797,121.5094
2021-11-03,121.53919982910156,121.5852
2021-11-04,120.8499984741211,122.34353
2021-11-05,123.61000061035156,121.903915
2021-11-08,124.54000091552734,124.11735
2021-11-09,120.8499984741211,125.31145
2021-11-10,120.22000122070312,122.41811
2021-11-11,120.2699966430664,121.328125
2021-11-12,118.95999908447266,121.20816
2021-11-15,118.87000274658203,120.11598
2021-11-16,118.45999908447266,119.83493
2021-11-17,118.05999755859375,119.44641
2021-11-18,116.66000366210938,119.03631
2021-11-19,116.05000305175781,117.78717
2021-11-22,116.47000122070312,117.04254
2021-11-23,116.79000091552734,117.26803
2021-11-24,116.7300033569336,117.58774
2021-11-26,115.80999755859375,117.59031
2021-11-29,118.5,116.810875
2021-11-30,117.0999984741211,118.90749
2021-12-01,116.91999816894531,118.14227
2021-12-02,116.9000015258789,117.81665
2021-12-03,118.83999633789062,117.74416
2021-12-06,119.91000366210938,119.3602
2021-12-07,121.58000183105469,120.56007
2021-12-08,123.0199966430664,122.15407
2021-12-09,123.56999969482422,123.63118
2021-12-10,124.08999633789062,124.340454
2021-12-13,122.58000183105469,124.88573
2021-12-14,123.76000213623047,123.71838
2021-12-15,123.11000061035156,124.48571
2021-12-16,125.93000030517578,124.10818
2021-12-17,127.4000015258789,126.39121
2021-12-20,127.05999755859375,128.04729
2021-12-21,128.97000122070312,128.03593
2021-12-22,129.75,129.60188
2021-12-23,130.6300048828125,130.54417
2021-12-27,131.6199951171875,131.43962
2021-12-28,132.6300048828125,132.4231
2021-12-29,133.35000610351562,133.44185
2021-12-30,133.91000366210938,134.22327
2021-12-31,133.66000366210938,134.8264
2022-01-03,136.0399932861328,134.72267
2022-01-04,138.02000427246094,136.69286
2022-01-05,138.22000122070312,138.71538
2022-01-06,135.33999633789062,139.22926
2022-01-07,134.8300018310547,136.88887
2022-01-10,135.02999877929688,136.03519
2022-01-11,132.8699951171875,136.0892
2022-01-12,133.58999633789062,134.31885
2022-01-13,134.75999450683594,134.6014
2022-01-14,134.2100067138672,135.65373
2022-01-18,132.94000244140625,135.38295
2022-01-19,131.5800018310547,134.25351
2022-01-20,130.82000732421875,132.91104
2022-01-21,129.35000610351562,132.04942
2022-01-24,128.82000732421875,130.68713
2022-01-25,136.10000610351562,130.00945
2022-01-26,134.25999450683594,135.99538
2022-01-27,132.52000427246094,135.55338
2022-01-28,134.5,133.93175
2022-01-31,133.57000732421875,135.28227
2022-02-01,135.52999877929688,134.78331
2022-02-02,137.25,136.32668
2022-02-03,137.77999877929688,138.05365
2022-02-04,137.14999389648438,138.79196
2022-02-07,137.24000549316406,138.37297
2022-02-08,137.02000427246094,138.36198
2022-02-09,137.7899932861328,138.18608
2022-02-10,133.52000427246094,138.80533
2022-02-11,132.69000244140625,135.35257
2022-02-14,130.14999389648438,134.02321
2022-02-15,129.94000244140625,131.70222
2022-02-16,129.17999267578125,131.1265
2022-02-17,124.97000122070312,130.41388
2022-02-18,124.3499984741211,126.76745
2022-02-22,123.91999816894531,125.5756
2022-02-23,122.06999969482422,125.0407
2022-02-24,121.97000122070312,123.41377
2022-02-25,124.18000030517578,123.027725
2022-02-28,122.51000213623047,124.81832
2022-03-01,121.3499984741211,123.755936
2022-03-02,123.86000061035156,122.55569
2022-03-03,125.93000030517578,124.43662
2022-03-04,126.62000274658203,126.53677
2022-03-07,126.06999969482422,127.47584
2022-03-08,125.68000030517578,127.150635
2022-03-09,126.22000122070312,126.745605
2022-03-10,124.3499984741211,127.1288
2022-03-11,123.95999908447266,125.64815
2022-03-14,123.94000244140625,125.04431
2022-03-15,125.63999938964844,124.93418
2022-03-16,127.04000091552734,126.3437
2022-03-17,127.95999908447266,127.77182
2022-03-18,128.75999450683594,128.77708
2022-03-21,128.10000610351562,129.60219
2022-03-22,129.05999755859375,129.18477
2022-03-23,128.3000030517578,129.90115
2022-03-24,129.25,129.40851
2022-03-25,131.35000610351562,130.10902
2022-03-28,131.47000122070312,132.00302
2022-03-29,131.94000244140625,132.44392
2022-03-30,132.1300048828125,132.89021
2022-03-31,130.02000427246094,133.12239
2022-04-01,130.14999389648438,131.3992
2022-04-04,130.27000427246094,131.19386
2022-04-05,128.88999938964844,131.28552
2022-04-06,129.38999938964844,130.15852
2022-04-07,128.5500030517578,130.36745
2022-04-08,127.7300033569336,129.71684
2022-04-11,126.37000274658203,128.9095
2022-04-12,125.9800033569336,127.63058
2022-04-13,126.13999938964844,127.0803
2022-04-14,126.55999755859375,127.13148
2022-04-18,126.16999816894531,127.50058
2022-04-19,129.14999389648438,127.239174
2022-04-20,138.32000732421875,129.67351
2022-04-21,139.85000610351562,137.79756
2022-04-22,138.25,140.51799
2022-04-25,139.10000610351562,139.55687
2022-04-26,136.19000244140625,140.05035
2022-04-27,135.05999755859375,137.73756
2022-04-28,135.74000549316406,136.39436
2022-04-29,132.2100067138672,136.76395
2022-05-02,133.0399932861328,133.90808
2022-05-03,132.52000427246094,134.07494
2022-05-04,137.39999389648438,133.7004
2022-05-05,135.9199981689453,137.71193
2022-05-06,137.6699981689453,137.19742
2022-05-09,134.44000244140625,138.50911
2022-05-10,129.1300048828125,136.04381
2022-05-11,130.75,131.1504
2022-05-12,132.89999389648438,131.64883
2022-05-13,133.60000610351562,133.62088
2022-05-16,135.02999877929688,134.56982
2022-05-17,138.3699951171875,135.89905
2022-05-18,132.94000244140625,138.90833
2022-05-19,129.66000366210938,134.89221
2022-05-20,128.47999572753906,131.3813
2022-05-23,131.1699981689453,129.8083
2022-05-24,133.8000030517578,131.83748
2022-05-25,134.38999938964844,134.43904
2022-05-26,136.88999938964844,135.37007
2022-05-27,139.27000427246094,137.57695
2022-05-31,138.83999633789062,139.94525
2022-06-01,139.42999267578125,139.98674
2022-06-02,140.14999389648438,140.46114
2022-06-03,141.17999267578125,141.15575
2022-06-06,142.8800048828125,142.1494
2022-06-07,142.77999877929688,143.74973
2022-06-08,140.8300018310547,143.94417
2022-06-09,137.9600067138672,142.32945
2022-06-10,136.19000244140625,139.63812
2022-06-13,135.11000061035156,137.69858
2022-06-14,135.72000122070312,136.48698
2022-06-15,137.05999755859375,136.80745
2022-06-16,135.6699981689453,137.99908
2022-06-17,135.02000427246094,137.03955
2022-06-21,137.85000610351562,136.29604
2022-06-22,137.0800018310547,138.53554
2022-06-23,138.44000244140625,138.31075
2022-06-24,142.05999755859375,139.38167
2022-06-27,142.8000030517578,142.60442
2022-06-28,141.86000061035156,143.79387
2022-06-29,140.7100067138672,143.18204
2022-06-30,141.19000244140625,142.09523
2022-07-01,141.1199951171875,142.31776
2022-07-05,137.6199951171875,142.32492
2022-07-06,138.0800018310547,139.4032
2022-07-07,140.8300018310547,139.259
2022-07-08,140.47000122070312,141.57014
2022-07-11,141.0,141.68938
2022-07-12,139.17999267578125,142.11711
2022-07-13,137.17999267578125,140.65967
2022-07-14,139.05999755859375,138.72012
2022-07-15,139.9199981689453,139.96497
2022-07-18,138.1300048828125,140.94186
2022-07-19,130.8800048828125,139.60773
2022-07-20,129.17999267578125,133.28726
2022-07-21,127.1500015258789,130.72638
2022-07-22,128.25,128.65002
2022-07-25,128.5399932861328,129.23453
2022-07-26,128.0800018310547,129.60425
2022-07-27,129.1199951171875,129.26324
2022-07-28,129.22000122070312,130.04523
2022-07-29,130.7899932861328,130.26636
2022-08-01,132.0399932861328,131.60619
2022-08-02,131.80999755859375,132.89185
2022-08-03,132.33999633789062,132.91684
2022-08-04,131.63999938964844,133.34578
2022-08-05,132.47999572753906,132.83923
2022-08-08,132.61000061035156,133.44713
2022-08-09,129.47000122070312,133.67513
2022-08-10,131.5,131.0845
2022-08-11,132.5399932861328,132.29997
2022-08-12,134.00999450683594,133.4259
2022-08-15,134.92999267578125,134.84694
2022-08-16,136.55999755859375,135.85051
2022-08-17,137.7899932861328,137.37067
2022-08-18,139.07000732421875,138.65982
2022-08-19,138.3699951171875,139.94666
2022-08-22,135.5500030517578,139.58049
2022-08-23,134.74000549316406,137.14542
2022-08-24,133.22999572753906,136.03755
2022-08-25,133.97999572753906,134.61507
2022-08-26,130.3800048828125,135.00693
2022-08-29,130.30999755859375,132.08641
2022-08-30,129.5800018310547,131.48363
2022-08-31,128.4499969482422,130.79448
2022-09-01,129.66000366210938,129.73247
2022-09-02,127.79000091552734,130.55281
2022-09-06,126.72000122070312,129.14981
2022-09-07,127.70999908447266,127.98282
2022-09-08,128.47000122070312,128.60965
2022-09-09,129.19000244140625,129.37949
2022-09-12,130.66000366210938,130.1145
2022-09-13,127.25,131.46242
2022-09-14,127.69000244140625,128.84514
2022-09-15,125.48999786376953,128.71094
2022-09-16,127.2699966430664,126.88457
2022-09-19,127.7300033569336,128.04617
2022-09-20,126.30000305175781,128.6691
2022-09-21,124.93000030517578,127.56969
2022-09-22,125.30999755859375,126.20176
2022-09-23,122.70999908447266,126.275925
2022-09-26,122.01000213623047,124.137726
2022-09-27,121.73999786376953,123.15472
2022-09-28,122.76000213623047,122.77225
2022-09-29,121.62999725341797,123.567726
2022-09-30,118.80999755859375,122.771355
2022-10-03,121.51000213623047,120.24736
2022-10-04,125.5,122.035515
2022-10-05,125.73999786376953,125.74312
2022-10-06,122.2300033569336,126.60693
2022-10-07,118.81999969482422,123.768654
2022-10-10,117.75,120.36944
2022-10-11,117.80000305175781,118.88699
2022-10-12,117.56999969482422,118.71719
2022-10-13,121.79000091552734,118.5227
2022-10-14,120.04000091552734,122.00842
2022-10-17,121.5199966430664,121.18515
2022-10-18,122.94000244140625,122.20406
2022-10-19,122.51000213623047,123.57955
2022-10-20,128.3000030517578,123.46618
2022-10-21,129.89999389648438,128.26846
2022-10-24,132.69000244140625,130.49667
2022-10-25,132.92999267578125,133.17526
2022-10-26,135.00999450683594,133.829
2022-10-27,134.77000427246094,135.65755
2022-10-28,138.50999450683594,135.79074
2022-10-31,138.2899932861328,138.93294
2022-11-01,138.1999969482422,139.32454
2022-11-02,136.8300018310547,139.28772
2022-11-03,134.47000122070312,138.1314
2022-11-04,136.9600067138672,135.95844
2022-11-07,138.33999633789062,137.67097
2022-11-08,140.0399932861328,139.17355
2022-11-09,137.38999938964844,140.84982
2022-11-10,141.22999572753906,138.90916
2022-11-11,143.1699981689453,141.74812
2022-11-14,144.1999969482422,143.9128
2022-11-15,144.33999633789062,145.14075
2022-11-16,144.52000427246094,145.45198
2022-11-17,146.08999633789062,145.64949
2022-11-18,147.63999938964844,147.0069
2022-11-21,146.67999267578125,148.55716
2022-11-22,149.10000610351562,148.02284
2022-11-23,148.75,149.93988
2022-11-25,148.3699951171875,149.99844
2022-11-28,146.17999267578125,149.67778
2022-11-29,146.49000549316406,147.79149
2022-11-30,148.89999389648438,147.72765
2022-12-01,149.16000366210938,149.76436
2022-12-02,148.6699981689453,150.3506
2022-12-05,147.41000366210938,150.01862
2022-12-06,147.5,148.89413
2022-12-07,147.27000427246094,148.77785
2022-12-08,147.77999877929688,148.58609
2022-12-09,147.0500030517578,148.98758
2022-12-12,149.2100067138672,148.45181
2022-12-13,150.57000732421875,150.16066
2022-12-14,149.86000061035156,151.60777
2022-12-15,142.36000061035156,151.25078
2022-12-16,140.16000366210938,144.89679
2022-12-19,138.8699951171875,141.92886
2022-12-20,141.27999877929688,140.40332
2022-12-21,142.13999938964844,142.1984
2022-12-22,140.8800048828125,143.25366
2022-12-23,141.64999389648438,142.34889
2022-12-27,142.4199981689453,142.79712
2022-12-28,140.02000427246094,143.52524
2022-12-29,141.05999755859375,141.6454
2022-12-30,140.88999938964844,142.16931
2023-01-03,141.5500030517578,142.14601
2023-01-04,142.60000610351562,142.6928
2023-01-05,141.11000061035156,143.66635
2023-01-06,143.6999969482422,142.58424
2023-01-09,143.5500030517578,144.54164
2023-01-10,144.8000030517578,144.77757
2023-01-11,145.25999450683594,145.84387
2023-01-12,145.5500030517578,146.41168
2023-01-13,145.88999938964844,146.74368
2023-01-17,145.19000244140625,147.08107
2023-01-18,140.41000366210938,146.55392
2023-01-19,140.6199951171875,142.46094
2023-01-20,141.1999969482422,141.91064
2023-01-23,141.86000061035156,142.35184
2023-01-24,141.49000549316406,142.99648
2023-01-25,140.75999450683594,142.78784
2023-01-26,134.4499969482422,142.12018
2023-01-27,134.38999938964844,136.72061
2023-01-30,135.3000030517578,135.69995
2023-01-31,134.72999572753906,136.34982
2023-02-01,135.08999633789062,136.01372
2023-02-02,136.38999938964844,136.23485
2023-02-03,136.94000244140625,137.3521
2023-02-06,136.17999267578125,138.00447
2023-02-07,135.83999633789062,137.4677
2023-02-08,135.97999572753906,137.07436
2023-02-09,133.75,137.1284
2023-02-10,135.60000610351562,135.28299
2023-02-13,137.35000610351562,136.49533
2023-02-14,136.00999450683594,138.20251
2023-02-15,136.39999389648438,137.37466
2023-02-16,135.0,137.51904
2023-02-17,135.02000427246094,136.37863
2023-02-21,131.7100067138672,136.18916
2023-02-22,130.97000122070312,133.40273
2023-02-23,130.7899932861328,132.27908
2023-02-24,130.57000732421875,131.95805
2023-02-27,130.49000549316406,131.73169
2023-02-28,129.3000030517578,131.62073
2023-03-01,128.19000244140625,130.59885
2023-03-02,128.92999267578125,129.47742
2023-03-03,129.63999938964844,129.8997
2023-03-06,130.19000244140625,130.58629
2023-03-07,128.25,131.165
2023-03-08,128.0500030517578,129.63376
2023-03-09,126.16000366210938,129.17216
2023-03-10,125.44999694824219,127.52764
2023-03-13,125.58000183105469,126.64127
2023-03-14,124.6500015258789,126.60821
2023-03-15,123.27999877929688,125.83606
2023-03-16,124.69999694824219,124.542465
2023-03-17,123.69000244140625,125.49219
2023-03-20,125.94000244140625,124.83809
2023-03-21,126.56999969482422,126.58066
2023-03-22,124.05000305175781,127.43095
2023-03-23,123.37000274658203,125.45445
2023-03-24,125.29000091552734,124.501366
2023-03-27,129.30999755859375,125.95826
2023-03-28,129.33999633789062,129.61177
2023-03-29,129.7100067138672,130.28815
2023-03-30,129.22000122070312,130.6607
2023-03-31,131.08999633789062,130.30074
2023-04-03,132.05999755859375,131.79855
2023-04-04,131.60000610351562,132.89738
2023-04-05,132.13999938964844,132.69946
2023-04-06,130.5,133.09874
2023-04-10,131.02999877929688,131.80429
2023-04-11,130.4199981689453,132.00938
2023-04-12,128.5399932861328,131.55717
2023-04-13,127.9000015258789,129.90414
2023-04-14,128.13999938964844,129.06985
2023-04-17,127.81999969482422,129.13982
2023-04-18,127.77999877929688,128.89883
2023-04-19,126.31999969482422,128.81776
2023-04-20,126.36000061035156,127.58111
2023-04-21,125.7300033569336,127.38549
2023-04-24,125.4000015258789,126.84006
2023-04-25,125.88999938964844,126.468895
2023-04-26,125.8499984741211,126.816605
2023-04-27,126.97000122070312,126.85199
2023-04-28,126.41000366210938,127.78834
2023-05-01,126.08999633789062,127.48959
2023-05-02,125.16000366210938,127.15242
2023-05-03,123.44999694824219,126.31523
2023-05-04,122.56999969482422,124.73847
2023-05-05,123.6500015258789,123.72421
2023-05-08,123.4000015258789,124.462425
2023-05-09,121.16999816894531,124.40536
2023-05-10,122.0199966430664,122.51557
2023-05-11,120.9000015258789,122.86522
2023-05-12,122.83999633789062,122.01843
2023-05-15,123.36000061035156,123.47869
2023-05-16,123.45999908447266,124.19243
2023-05-17,125.70999908447266,124.384674
2023-05-18,126.1500015258789,126.283936
2023-05-19,127.26000213623047,126.99935
2023-05-22,127.5,128.034
2023-05-23,128.17999267578125,128.41415
2023-05-24,125.68000030517578,129.04153
2023-05-25,126.76000213623047,127.065765
2023-05-26,128.88999938964844,127.5987
2023-05-30,129.47999572753906,129.50945
2023-05-31,128.58999633789062,130.35333
2023-06-01,129.82000732421875,129.73317
2023-06-02,132.4199981689453,130.6291
2023-06-05,132.63999938964844,132.97795
2023-06-06,132.69000244140625,133.58553
2023-06-07,134.3800048828125,133.70723
2023-06-08,134.41000366210938,135.13394
2023-06-09,135.3000030517578,135.42435
2023-06-12,136.4199981689453,136.2103
2023-06-13,137.60000610351562,137.28981
2023-06-14,137.1999969482422,138.46844
2023-06-15,138.39999389648438,138.33733
2023-06-16,137.47999572753906,139.30556
2023-06-20,135.9600067138672,138.71753
2023-06-21,133.69000244140625,137.33519
2023-06-22,131.1699981689453,135.19843
2023-06-23,129.42999267578125,132.72792
2023-06-26,131.33999633789062,130.85628
2023-06-27,132.33999633789062,132.14755
2023-06-28,131.75999450683594,133.24527
2023-06-29,134.05999755859375,132.93634
2023-06-30,133.80999755859375,134.77559
2023-07-03,133.6699981689453,134.90056
2023-07-05,134.24000549316406,134.78497
2023-07-06,132.16000366210938,135.24013
2023-07-07,132.0800018310547,133.59264
2023-07-10,132.89999389648438,133.22527
2023-07-11,134.44000244140625,133.86926
2023-07-12,132.83999633789062,135.28499
2023-07-13,133.9199981689453,134.19373
2023-07-14,133.39999389648438,134.8728
2023-07-17,134.24000549316406,134.57187
2023-07-18,135.36000061035156,135.21422
2023-07-19,135.47999572753906,136.27126
2023-07-20,138.3800048828125,136.5562
2023-07-21,138.94000244140625,139.01881
2023-07-24,139.5399932861328,139.9282
2023-07-25,140.3300018310547,140.56442
2023-07-26,141.07000732421875,141.32767
2023-07-27,142.97000122070312,142.08206
2023-07-28,143.4499969482422,143.805
2023-07-31,144.17999267578125,144.51152
2023-08-01,143.3300018310547,145.23148
2023-08-02,144.1699981689453,144.64275
2023-08-03,144.4499969482422,145.23741
2023-08-04,144.24000549316406,145.59157
2023-08-07,146.17999267578125,145.47914
2023-08-08,145.91000366210938,147.0808
2023-08-09,142.49000549316406,147.14406
2023-08-10,143.25,144.27837
2023-08-11,143.1199951171875,144.40154
2023-08-14,141.91000366210938,144.3568
2023-08-15,141.8699951171875,143.34525
2023-08-16,140.63999938964844,143.12926
2023-08-17,140.66000366210938,142.07199
2023-08-18,141.41000366210938,141.90231
2023-08-21,142.27999877929688,142.51186
2023-08-22,141.49000549316406,143.35219
2023-08-23,143.41000366210938,142.83229
2023-08-24,143.5500030517578,144.33264
2023-08-25,145.35000610351562,144.72472
2023-08-28,146.02000427246094,146.28674
2023-08-29,146.4499969482422,147.12108
2023-08-30,146.86000061035156,147.61371
2023-08-31,146.8300018310547,148.03616
2023-09-01,147.94000244140625,148.08492
2023-09-05,148.1300048828125,149.02281
2023-09-06,148.05999755859375,149.35182
2023-09-07,147.52000427246094,149.34354
2023-09-08,147.67999267578125,148.88669
2023-09-11,148.3800048828125,148.94191
2023-09-12,146.3000030517578,149.54608
2023-09-13,146.5500030517578,147.91464
2023-09-14,147.35000610351562,147.8271
2023-09-15,145.99000549316406,148.50041
2023-09-18,145.08999633789062,147.48715
2023-09-19,146.52000427246094,146.54453
2023-09-20,149.8300018310547,147.58344
2023-09-21,147.3800048828125,150.55363
2023-09-22,146.91000366210938,149.01704
2023-09-25,146.60000610351562,148.31201
